{
  "duration_s": 18.0,
  "event_count": 2,
  "final": {
    "altitude_m": 375.77513012546524,
    "mass_kg": 15.271385045647058,
    "speed_mps": 202.82496505083748,
    "time_s": 18.0,
    "x_m": 3597.189329170906,
    "y_m": 0.0
  },
  "max_altitude_m": 375.77513012546524,
  "max_load_factor_g": 2.295343084805138,
  "max_qbar_pa": 41844.2257905442,
  "max_speed_mps": 264.6133316357358,
  "min_target_distance_m": null,
  "samples": 601,
  "scenario": "nominal_ascent_sweep_001"
}