{
  "duration_s": 19.98,
  "event_count": 3,
  "final": {
    "altitude_m": 233.62309300296016,
    "mass_kg": 16.3348412073762,
    "speed_mps": 74.51745652206743,
    "time_s": 19.98,
    "x_m": 1040.5619376345696,
    "y_m": -136.636365222361
  },
  "max_altitude_m": 1020.7484602320054,
  "max_load_factor_g": 3.1477191236395927,
  "max_qbar_pa": 7370.258146278253,
  "max_speed_mps": 111.54469120568695,
  "min_target_distance_m": null,
  "samples": 667,
  "scenario": "gusted_crossrange"
}