{
  "duration_s": 24.0,
  "event_count": 5,
  "final": {
    "altitude_m": 14731.265904870173,
    "mass_kg": 16.10756741764618,
    "speed_mps": 371.7262611530861,
    "time_s": 24.0,
    "x_m": 9193.422908593622,
    "y_m": 0.0
  },
  "max_altitude_m": 14731.265904870173,
  "max_load_factor_g": 12.010332095879575,
  "max_qbar_pa": 26755.963156987113,
  "max_speed_mps": 510.16869466434616,
  "min_target_distance_m": null,
  "samples": 601,
  "scenario": "high_altitude_low_density"
}