{
  "duration_s": 18.0,
  "event_count": 2,
  "final": {
    "altitude_m": 265.48172970065275,
    "mass_kg": 16.11390400507384,
    "speed_mps": 160.8995284260899,
    "time_s": 18.0,
    "x_m": 2985.7776541841995,
    "y_m": 0.0
  },
  "max_altitude_m": 265.48172970065275,
  "max_load_factor_g": 2.4204804114064187,
  "max_qbar_pa": 23845.736639996674,
  "max_speed_mps": 199.16044617790772,
  "min_target_distance_m": null,
  "samples": 601,
  "scenario": "nominal_ascent_thrust_loss"
}