{
  "final_altitude_delta_m": 1.7772063965596772,
  "final_crossrange_delta_m": -118.72884569588594,
  "final_speed_delta_mps": -130.531103563052,
  "samples_compared": 601
}