{
  "duration_s": 14.0,
  "event_count": 6,
  "final": {
    "altitude_m": 502.1755703634682,
    "mass_kg": 15.14339920252825,
    "speed_mps": 187.09155206075042,
    "time_s": 14.0,
    "x_m": 1766.2486892341537,
    "y_m": 598.7779813189252
  },
  "max_altitude_m": 1223.7674704866856,
  "max_load_factor_g": 6.030073528315555,
  "max_qbar_pa": 24300.896621591863,
  "max_speed_mps": 205.94622139612508,
  "min_target_distance_m": null,
  "samples": 561,
  "scenario": "actuator_saturation"
}