{
  "duration_s": 35.0,
  "event_count": 1,
  "final": {
    "altitude_m": 394.79082878890875,
    "mass_kg": 10.985196579471431,
    "speed_mps": 24.691784007630012,
    "time_s": 35.0,
    "x_m": 358.09660246281237,
    "y_m": 143.72647214973878
  },
  "max_altitude_m": 1200.0,
  "max_load_factor_g": 3.0790154803914915,
  "max_qbar_pa": 1261.0944322985495,
  "max_speed_mps": 48.104053883222775,
  "min_target_distance_m": 903.7612912977288,
  "samples": 876,
  "scenario": "glide_return"
}