{
  "duration_s": 18.0,
  "event_count": 2,
  "final": {
    "altitude_m": 411.5741974311124,
    "mass_kg": 15.271385045647058,
    "speed_mps": 203.61285303188347,
    "time_s": 18.0,
    "x_m": 3581.7578636281637,
    "y_m": 0.0
  },
  "max_altitude_m": 411.5741974311124,
  "max_load_factor_g": 2.417360213547064,
  "max_qbar_pa": 41414.79250655225,
  "max_speed_mps": 263.6423821927781,
  "min_target_distance_m": null,
  "samples": 601,
  "scenario": "wind_z"
}