{
  "duration_s": 18.0,
  "event_count": 5,
  "final": {
    "altitude_m": 41.197417248621754,
    "mass_kg": 15.271385045647058,
    "speed_mps": 71.66017554670012,
    "time_s": 18.0,
    "x_m": 1634.4337872258534,
    "y_m": 1144.2674485985183
  },
  "max_altitude_m": 217.33939617479268,
  "max_load_factor_g": 5.761603965625985,
  "max_qbar_pa": 23139.429864548565,
  "max_speed_mps": 195.62201987118473,
  "min_target_distance_m": null,
  "samples": 601,
  "scenario": "wind_mc"
}